-- phpMyAdmin SQL Dump
-- version 4.1.14
-- http://www.phpmyadmin.net
--
-- Servidor: 127.0.0.1
-- Tiempo de generación: 05-04-2016 a las 01:54:20
-- Versión del servidor: 5.6.17
-- Versión de PHP: 5.5.12

SET SQL_MODE = "NO_AUTO_VALUE_ON_ZERO";
SET time_zone = "+00:00";


/*!40101 SET @OLD_CHARACTER_SET_CLIENT=@@CHARACTER_SET_CLIENT */;
/*!40101 SET @OLD_CHARACTER_SET_RESULTS=@@CHARACTER_SET_RESULTS */;
/*!40101 SET @OLD_COLLATION_CONNECTION=@@COLLATION_CONNECTION */;
/*!40101 SET NAMES utf8 */;

--
-- Base de datos: `brontobyte`
--

-- --------------------------------------------------------

--
-- Estructura de tabla para la tabla `ospos_app_config`
--

CREATE TABLE IF NOT EXISTS `ospos_app_config` (
  `key` varchar(255) NOT NULL,
  `value` varchar(255) NOT NULL,
  PRIMARY KEY (`key`)
) ENGINE=InnoDB DEFAULT CHARSET=latin1;

--
-- Volcado de datos para la tabla `ospos_app_config`
--

INSERT INTO `ospos_app_config` (`key`, `value`) VALUES
('address', 'Venustiano Carranza#381'),
('company', 'Brontobyte'),
('currency_symbol', ''),
('default_tax_1_name', 'Sales Tax'),
('default_tax_1_rate', ''),
('default_tax_2_name', 'Sales Tax 2'),
('default_tax_2_rate', ''),
('default_tax_rate', '8'),
('email', 'adrian@brontobytemx.com'),
('fax', ''),
('language', 'spanish'),
('phone', '3221584600'),
('print_after_sale', '0'),
('return_policy', 'Test'),
('timezone', 'America/New_York'),
('website', '');

-- --------------------------------------------------------

--
-- Estructura de tabla para la tabla `ospos_cobros`
--

CREATE TABLE IF NOT EXISTS `ospos_cobros` (
  `cobro_id` int(255) NOT NULL AUTO_INCREMENT,
  `fecha` date NOT NULL,
  `nom_cliente` varchar(20) NOT NULL,
  `concepto` varchar(255) NOT NULL,
  `estado` varchar(15) NOT NULL DEFAULT 'Pendiente',
  `cantidad` double(10,2) NOT NULL DEFAULT '0.00',
  `tipo` varchar(15) NOT NULL DEFAULT 'Efectivo',
  `recurso_id` int(10) NOT NULL,
  `sale_id` int(10) NOT NULL DEFAULT '-1',
  PRIMARY KEY (`cobro_id`)
) ENGINE=InnoDB  DEFAULT CHARSET=latin1 AUTO_INCREMENT=3 ;

--
-- Volcado de datos para la tabla `ospos_cobros`
--

INSERT INTO `ospos_cobros` (`cobro_id`, `fecha`, `nom_cliente`, `concepto`, `estado`, `cantidad`, `tipo`, `recurso_id`, `sale_id`) VALUES
(1, '0000-00-00', '0', 'nose', 'Pendiente', 500.00, 'Efectivo', 3, -1),
(2, '0000-00-00', '0', 'garrafon', 'Hecho', 20.00, 'Efectivo', 2, -1);

-- --------------------------------------------------------

--
-- Estructura de tabla para la tabla `ospos_customers`
--

CREATE TABLE IF NOT EXISTS `ospos_customers` (
  `person_id` int(10) NOT NULL,
  `account_number` varchar(255) DEFAULT NULL,
  `taxable` int(1) NOT NULL DEFAULT '1',
  `deleted` int(1) NOT NULL DEFAULT '0',
  `company` varchar(255) DEFAULT NULL,
  UNIQUE KEY `account_number` (`account_number`),
  KEY `person_id` (`person_id`)
) ENGINE=InnoDB DEFAULT CHARSET=latin1;

--
-- Volcado de datos para la tabla `ospos_customers`
--

INSERT INTO `ospos_customers` (`person_id`, `account_number`, `taxable`, `deleted`, `company`) VALUES
(2, NULL, 1, 0, ''),
(3, NULL, 1, 0, ''),
(4, NULL, 1, 0, '');

-- --------------------------------------------------------

--
-- Estructura de tabla para la tabla `ospos_employees`
--

CREATE TABLE IF NOT EXISTS `ospos_employees` (
  `username` varchar(255) NOT NULL,
  `password` varchar(255) NOT NULL,
  `person_id` int(10) NOT NULL,
  `deleted` int(1) NOT NULL DEFAULT '0',
  UNIQUE KEY `username` (`username`),
  KEY `person_id` (`person_id`)
) ENGINE=InnoDB DEFAULT CHARSET=latin1;

--
-- Volcado de datos para la tabla `ospos_employees`
--

INSERT INTO `ospos_employees` (`username`, `password`, `person_id`, `deleted`) VALUES
('NaN', '21232f297a57a5a743894a0e4a801fc3', 1, 0);

-- --------------------------------------------------------

--
-- Estructura de tabla para la tabla `ospos_gastos`
--

CREATE TABLE IF NOT EXISTS `ospos_gastos` (
  `gasto_id` int(255) NOT NULL AUTO_INCREMENT,
  `fecha` timestamp NULL DEFAULT CURRENT_TIMESTAMP,
  `concepto` varchar(255) NOT NULL,
  `recurso_id` int(10) NOT NULL,
  `estado` varchar(15) NOT NULL DEFAULT 'Pendiente',
  `cantidad` double(10,2) NOT NULL DEFAULT '0.00',
  `tipo` varchar(15) NOT NULL DEFAULT 'Efectivo',
  PRIMARY KEY (`gasto_id`)
) ENGINE=InnoDB  DEFAULT CHARSET=latin1 AUTO_INCREMENT=6 ;

--
-- Volcado de datos para la tabla `ospos_gastos`
--

INSERT INTO `ospos_gastos` (`gasto_id`, `fecha`, `concepto`, `recurso_id`, `estado`, `cantidad`, `tipo`) VALUES
(1, '0000-00-00 00:00:00', 'yyyh', 2, 'Hecho', 600.00, 'Efectivo'),
(2, '0000-00-00 00:00:00', 'ñklñkl', 2, 'Hecho', 300.00, 'Efectivo'),
(3, '0000-00-00 00:00:00', 'nose', 3, 'Hecho', 1000.00, 'Cheque'),
(4, '0000-00-00 00:00:00', 'garrafon', 2, 'Hecho', 20.00, 'Efectivo'),
(5, '0000-00-00 00:00:00', 'renta mes', 4, 'Hecho', 1000.00, 'Efectivo');

-- --------------------------------------------------------

--
-- Estructura de tabla para la tabla `ospos_giftcards`
--

CREATE TABLE IF NOT EXISTS `ospos_giftcards` (
  `giftcard_id` int(11) NOT NULL AUTO_INCREMENT,
  `giftcard_number` varchar(25) COLLATE utf8_unicode_ci NOT NULL,
  `value` double(15,2) NOT NULL,
  `deleted` int(1) NOT NULL DEFAULT '0',
  PRIMARY KEY (`giftcard_id`),
  UNIQUE KEY `giftcard_number` (`giftcard_number`)
) ENGINE=InnoDB DEFAULT CHARSET=utf8 COLLATE=utf8_unicode_ci AUTO_INCREMENT=1 ;

-- --------------------------------------------------------

--
-- Estructura de tabla para la tabla `ospos_inventory`
--

CREATE TABLE IF NOT EXISTS `ospos_inventory` (
  `trans_id` int(11) NOT NULL AUTO_INCREMENT,
  `trans_items` int(11) NOT NULL DEFAULT '0',
  `trans_user` int(11) NOT NULL DEFAULT '0',
  `trans_date` timestamp NOT NULL DEFAULT CURRENT_TIMESTAMP,
  `trans_comment` text NOT NULL,
  `trans_inventory` int(11) NOT NULL DEFAULT '0',
  PRIMARY KEY (`trans_id`),
  KEY `ospos_inventory_ibfk_1` (`trans_items`),
  KEY `ospos_inventory_ibfk_2` (`trans_user`)
) ENGINE=InnoDB  DEFAULT CHARSET=latin1 AUTO_INCREMENT=6 ;

--
-- Volcado de datos para la tabla `ospos_inventory`
--

INSERT INTO `ospos_inventory` (`trans_id`, `trans_items`, `trans_user`, `trans_date`, `trans_comment`, `trans_inventory`) VALUES
(1, 1, 1, '2016-04-04 22:12:27', 'Edición Manual de Cantidad', 15),
(2, 2, 1, '2016-04-04 22:13:55', 'Edición Manual de Cantidad', 2),
(3, 1, 1, '2016-04-04 23:28:14', 'Edición Manual de Cantidad', 0),
(4, 1, 1, '2016-04-04 23:45:51', 'RECV 1', 4),
(5, 3, 1, '2016-04-05 00:37:49', 'Edición Manual de Cantidad', 0);

-- --------------------------------------------------------

--
-- Estructura de tabla para la tabla `ospos_items`
--

CREATE TABLE IF NOT EXISTS `ospos_items` (
  `name` varchar(255) NOT NULL,
  `category` varchar(255) NOT NULL,
  `supplier_id` int(11) DEFAULT NULL,
  `item_number` varchar(255) DEFAULT NULL,
  `description` varchar(255) DEFAULT NULL,
  `cost_price` double(15,2) NOT NULL DEFAULT '0.00',
  `unit_price` double(15,2) NOT NULL DEFAULT '0.00',
  `other_price` double(15,2) NOT NULL DEFAULT '0.00',
  `quantity` double(15,2) NOT NULL DEFAULT '0.00',
  `reorder_level` double(15,2) NOT NULL DEFAULT '0.00',
  `location` varchar(255) NOT NULL DEFAULT 'Principal',
  `item_id` int(10) NOT NULL AUTO_INCREMENT,
  `allow_alt_description` tinyint(1) NOT NULL DEFAULT '0',
  `is_serialized` tinyint(1) NOT NULL DEFAULT '0',
  `deleted` int(1) NOT NULL DEFAULT '0',
  `publicar` tinyint(1) NOT NULL DEFAULT '0',
  `promocionar` tinyint(4) NOT NULL DEFAULT '0',
  `brand` varchar(255) DEFAULT NULL,
  `modelo` varchar(255) DEFAULT NULL,
  PRIMARY KEY (`item_id`),
  UNIQUE KEY `item_number` (`item_number`),
  KEY `ospos_items_ibfk_1` (`supplier_id`)
) ENGINE=InnoDB  DEFAULT CHARSET=latin1 AUTO_INCREMENT=4 ;

--
-- Volcado de datos para la tabla `ospos_items`
--

INSERT INTO `ospos_items` (`name`, `category`, `supplier_id`, `item_number`, `description`, `cost_price`, `unit_price`, `other_price`, `quantity`, `reorder_level`, `location`, `item_id`, `allow_alt_description`, `is_serialized`, `deleted`, `publicar`, `promocionar`, `brand`, `modelo`) VALUES
('Disco', 'Discos', NULL, NULL, '', 50.00, 50.00, 50.00, 19.00, 0.00, '5to', 1, 0, 0, 0, 0, 0, 'hairtec', '548sad'),
('Ram', 'memorias', NULL, NULL, '', 100.00, 200.00, 200.00, 2.00, 0.00, '5to', 2, 0, 0, 0, 0, 0, 'data', '545'),
('tarjeta', 'otra', NULL, NULL, '', 600.00, 600.00, 600.00, 0.00, 0.00, '', 3, 0, 0, 0, 0, 0, 'mod', 'mo');

-- --------------------------------------------------------

--
-- Estructura de tabla para la tabla `ospos_items_taxes`
--

CREATE TABLE IF NOT EXISTS `ospos_items_taxes` (
  `item_id` int(10) NOT NULL,
  `name` varchar(255) NOT NULL,
  `percent` double(15,2) NOT NULL,
  PRIMARY KEY (`item_id`,`name`,`percent`)
) ENGINE=InnoDB DEFAULT CHARSET=latin1;

-- --------------------------------------------------------

--
-- Estructura de tabla para la tabla `ospos_item_kits`
--

CREATE TABLE IF NOT EXISTS `ospos_item_kits` (
  `item_kit_id` int(11) NOT NULL AUTO_INCREMENT,
  `name` varchar(255) NOT NULL,
  `description` varchar(255) NOT NULL,
  `kit_number` varchar(255) DEFAULT NULL,
  `category` varchar(255) NOT NULL,
  `kit_price` double(10,2) NOT NULL DEFAULT '0.00',
  `publicar` tinyint(4) NOT NULL DEFAULT '0',
  PRIMARY KEY (`item_kit_id`)
) ENGINE=InnoDB  DEFAULT CHARSET=latin1 AUTO_INCREMENT=76 ;

--
-- Volcado de datos para la tabla `ospos_item_kits`
--

INSERT INTO `ospos_item_kits` (`item_kit_id`, `name`, `description`, `kit_number`, `category`, `kit_price`, `publicar`) VALUES
(74, 'new', '', NULL, 'nose', 89.00, 0),
(75, 'kit2', '', NULL, 'kits', 0.00, 0);

-- --------------------------------------------------------

--
-- Estructura de tabla para la tabla `ospos_item_kit_items`
--

CREATE TABLE IF NOT EXISTS `ospos_item_kit_items` (
  `item_kit_id` int(11) NOT NULL,
  `item_id` int(11) NOT NULL,
  `quantity` double(15,2) NOT NULL DEFAULT '0.00',
  PRIMARY KEY (`item_kit_id`,`item_id`,`quantity`),
  KEY `ospos_item_kit_items_ibfk_2` (`item_id`)
) ENGINE=InnoDB DEFAULT CHARSET=latin1;

-- --------------------------------------------------------

--
-- Estructura de tabla para la tabla `ospos_locations`
--

CREATE TABLE IF NOT EXISTS `ospos_locations` (
  `nombre_location` varchar(255) NOT NULL,
  `item_id` int(20) NOT NULL,
  `cantidad` double(10,2) NOT NULL
) ENGINE=InnoDB DEFAULT CHARSET=latin1;

-- --------------------------------------------------------

--
-- Estructura de tabla para la tabla `ospos_modules`
--

CREATE TABLE IF NOT EXISTS `ospos_modules` (
  `name_lang_key` varchar(255) NOT NULL,
  `desc_lang_key` varchar(255) NOT NULL,
  `sort` int(10) NOT NULL,
  `module_id` varchar(255) NOT NULL,
  PRIMARY KEY (`module_id`),
  UNIQUE KEY `desc_lang_key` (`desc_lang_key`),
  UNIQUE KEY `name_lang_key` (`name_lang_key`)
) ENGINE=InnoDB DEFAULT CHARSET=latin1;

--
-- Volcado de datos para la tabla `ospos_modules`
--

INSERT INTO `ospos_modules` (`name_lang_key`, `desc_lang_key`, `sort`, `module_id`) VALUES
('module_cobros', 'module_cobros_desc', 120, 'cobros'),
('module_config', 'module_config_desc', 100, 'config'),
('module_customers', 'module_customers_desc', 10, 'customers'),
('module_employees', 'module_employees_desc', 80, 'employees'),
('module_gastos', 'module_gastos_desc', 130, 'gastos'),
('module_giftcards', 'module_giftcards_desc', 90, 'giftcards'),
('module_items', 'module_items_desc', 20, 'items'),
('module_item_kits', 'module_item_kits_desc', 30, 'item_kits'),
('module_pedidos', 'module_pedidos_desc', 140, 'pedidos'),
('module_receivings', 'module_receivings_desc', 60, 'receivings'),
('module_recursos', 'module_recursos_desc', 150, 'recursos'),
('module_reports', 'module_reports_desc', 50, 'reports'),
('module_sales', 'module_sales_desc', 70, 'sales'),
('module_services', 'module_services_desc', 110, 'services'),
('module_suppliers', 'module_suppliers_desc', 40, 'suppliers');

-- --------------------------------------------------------

--
-- Estructura de tabla para la tabla `ospos_pedidos`
--

CREATE TABLE IF NOT EXISTS `ospos_pedidos` (
  `pedido_id` int(255) NOT NULL AUTO_INCREMENT,
  `fecha` date NOT NULL,
  PRIMARY KEY (`pedido_id`)
) ENGINE=InnoDB DEFAULT CHARSET=latin1 AUTO_INCREMENT=1 ;

-- --------------------------------------------------------

--
-- Estructura de tabla para la tabla `ospos_people`
--

CREATE TABLE IF NOT EXISTS `ospos_people` (
  `first_name` varchar(255) NOT NULL,
  `last_name` varchar(255) NOT NULL,
  `phone_number` varchar(255) NOT NULL,
  `email` varchar(255) NOT NULL,
  `address_1` varchar(255) NOT NULL,
  `address_2` varchar(255) NOT NULL,
  `city` varchar(255) NOT NULL,
  `state` varchar(255) NOT NULL,
  `zip` varchar(255) NOT NULL,
  `country` varchar(255) NOT NULL,
  `comments` text NOT NULL,
  `person_id` int(10) NOT NULL AUTO_INCREMENT,
  PRIMARY KEY (`person_id`)
) ENGINE=InnoDB  DEFAULT CHARSET=latin1 AUTO_INCREMENT=6 ;

--
-- Volcado de datos para la tabla `ospos_people`
--

INSERT INTO `ospos_people` (`first_name`, `last_name`, `phone_number`, `email`, `address_1`, `address_2`, `city`, `state`, `zip`, `country`, `comments`, `person_id`) VALUES
('John', 'Doe', '555-555-5555', 'admin@pappastech.com', 'Address 1', '', '', '', '', '', '', 1),
('Nuevo ', 'cliente', '', '', '', '', '', '', '', '', '', 2),
('Luca', 'Brazzi', '', '', '', '', '', '', '', '', '', 3),
('Tony ', 'Montana', '', '', '', '', '', '', '', '', '', 4),
('g', 'ghg', '', '', '', '', '', '', '', '', '', 5);

-- --------------------------------------------------------

--
-- Estructura de tabla para la tabla `ospos_permissions`
--

CREATE TABLE IF NOT EXISTS `ospos_permissions` (
  `module_id` varchar(255) NOT NULL,
  `person_id` int(10) NOT NULL,
  PRIMARY KEY (`module_id`,`person_id`),
  KEY `person_id` (`person_id`)
) ENGINE=InnoDB DEFAULT CHARSET=latin1;

--
-- Volcado de datos para la tabla `ospos_permissions`
--

INSERT INTO `ospos_permissions` (`module_id`, `person_id`) VALUES
('cobros', 1),
('config', 1),
('customers', 1),
('employees', 1),
('gastos', 1),
('giftcards', 1),
('items', 1),
('item_kits', 1),
('pedidos', 1),
('receivings', 1),
('recursos', 1),
('reports', 1),
('sales', 1),
('services', 1),
('suppliers', 1);

-- --------------------------------------------------------

--
-- Estructura de tabla para la tabla `ospos_receivings`
--

CREATE TABLE IF NOT EXISTS `ospos_receivings` (
  `receiving_time` timestamp NOT NULL DEFAULT CURRENT_TIMESTAMP,
  `supplier_id` int(10) DEFAULT NULL,
  `employee_id` int(10) NOT NULL DEFAULT '0',
  `comment` text NOT NULL,
  `receiving_id` int(10) NOT NULL AUTO_INCREMENT,
  `payment_type` varchar(20) DEFAULT NULL,
  `total` double(15,2) NOT NULL,
  `modo` varchar(20) NOT NULL DEFAULT 'Entrada',
  PRIMARY KEY (`receiving_id`),
  KEY `supplier_id` (`supplier_id`),
  KEY `employee_id` (`employee_id`)
) ENGINE=InnoDB  DEFAULT CHARSET=latin1 AUTO_INCREMENT=2 ;

--
-- Volcado de datos para la tabla `ospos_receivings`
--

INSERT INTO `ospos_receivings` (`receiving_time`, `supplier_id`, `employee_id`, `comment`, `receiving_id`, `payment_type`, `total`, `modo`) VALUES
('2016-04-04 22:45:51', 5, 1, '', 1, 'Efectivo', 200.00, 'Entrada');

-- --------------------------------------------------------

--
-- Estructura de tabla para la tabla `ospos_receivings_items`
--

CREATE TABLE IF NOT EXISTS `ospos_receivings_items` (
  `receiving_id` int(10) NOT NULL DEFAULT '0',
  `item_id` int(10) NOT NULL DEFAULT '0',
  `description` varchar(30) DEFAULT NULL,
  `serialnumber` varchar(30) DEFAULT NULL,
  `line` int(3) NOT NULL,
  `quantity_purchased` int(10) NOT NULL DEFAULT '0',
  `item_cost_price` decimal(15,2) NOT NULL,
  `item_unit_price` double(15,2) NOT NULL,
  `discount_percent` int(11) NOT NULL DEFAULT '0',
  PRIMARY KEY (`receiving_id`,`item_id`,`line`),
  KEY `item_id` (`item_id`)
) ENGINE=InnoDB DEFAULT CHARSET=latin1;

--
-- Volcado de datos para la tabla `ospos_receivings_items`
--

INSERT INTO `ospos_receivings_items` (`receiving_id`, `item_id`, `description`, `serialnumber`, `line`, `quantity_purchased`, `item_cost_price`, `item_unit_price`, `discount_percent`) VALUES
(1, 1, '0', '0', 1, 4, '50.00', 50.00, 0);

-- --------------------------------------------------------

--
-- Estructura de tabla para la tabla `ospos_recursos`
--

CREATE TABLE IF NOT EXISTS `ospos_recursos` (
  `recurso_id` int(255) unsigned NOT NULL AUTO_INCREMENT,
  `nombre` varchar(255) NOT NULL,
  `recurso` double(15,2) NOT NULL,
  PRIMARY KEY (`recurso_id`)
) ENGINE=InnoDB  DEFAULT CHARSET=latin1 AUTO_INCREMENT=5 ;

--
-- Volcado de datos para la tabla `ospos_recursos`
--

INSERT INTO `ospos_recursos` (`recurso_id`, `nombre`, `recurso`) VALUES
(2, 'Efectivo', 3980.00),
(3, 'Fiscal', 4000.00),
(4, 'Caja chica', 1000.00);

-- --------------------------------------------------------

--
-- Estructura de tabla para la tabla `ospos_sales`
--

CREATE TABLE IF NOT EXISTS `ospos_sales` (
  `sale_time` timestamp NOT NULL DEFAULT CURRENT_TIMESTAMP,
  `customer_id` int(10) DEFAULT NULL,
  `employee_id` int(10) NOT NULL DEFAULT '0',
  `comment` text NOT NULL,
  `sale_id` int(10) NOT NULL AUTO_INCREMENT,
  `payment_type` varchar(512) DEFAULT NULL,
  PRIMARY KEY (`sale_id`),
  KEY `customer_id` (`customer_id`),
  KEY `employee_id` (`employee_id`)
) ENGINE=InnoDB DEFAULT CHARSET=latin1 AUTO_INCREMENT=1 ;

-- --------------------------------------------------------

--
-- Estructura de tabla para la tabla `ospos_sales_items`
--

CREATE TABLE IF NOT EXISTS `ospos_sales_items` (
  `sale_id` int(10) NOT NULL DEFAULT '0',
  `item_id` int(10) NOT NULL DEFAULT '0',
  `description` varchar(30) DEFAULT NULL,
  `serialnumber` varchar(30) DEFAULT NULL,
  `line` int(3) NOT NULL DEFAULT '0',
  `quantity_purchased` double(15,2) NOT NULL DEFAULT '0.00',
  `item_cost_price` decimal(15,2) NOT NULL,
  `item_unit_price` double(15,2) NOT NULL,
  `discount_percent` int(11) NOT NULL DEFAULT '0',
  PRIMARY KEY (`sale_id`,`item_id`,`line`),
  KEY `item_id` (`item_id`)
) ENGINE=InnoDB DEFAULT CHARSET=latin1;

-- --------------------------------------------------------

--
-- Estructura de tabla para la tabla `ospos_sales_items_taxes`
--

CREATE TABLE IF NOT EXISTS `ospos_sales_items_taxes` (
  `sale_id` int(10) NOT NULL,
  `item_id` int(10) NOT NULL,
  `line` int(3) NOT NULL DEFAULT '0',
  `name` varchar(255) NOT NULL,
  `percent` double(15,2) NOT NULL,
  PRIMARY KEY (`sale_id`,`item_id`,`line`,`name`,`percent`),
  KEY `item_id` (`item_id`)
) ENGINE=InnoDB DEFAULT CHARSET=latin1;

-- --------------------------------------------------------

--
-- Estructura de tabla para la tabla `ospos_sales_item_kits`
--

CREATE TABLE IF NOT EXISTS `ospos_sales_item_kits` (
  `sale_id` int(10) NOT NULL DEFAULT '0',
  `item_kit_id` int(10) NOT NULL DEFAULT '0',
  `description` varchar(30) DEFAULT NULL,
  `line` int(3) NOT NULL DEFAULT '0',
  `quantity_purchased` double(15,2) NOT NULL DEFAULT '0.00',
  `kit_price` double(15,2) NOT NULL,
  PRIMARY KEY (`sale_id`,`item_kit_id`,`line`),
  KEY `item_kit_id` (`item_kit_id`)
) ENGINE=InnoDB DEFAULT CHARSET=latin1;

-- --------------------------------------------------------

--
-- Estructura de tabla para la tabla `ospos_sales_payments`
--

CREATE TABLE IF NOT EXISTS `ospos_sales_payments` (
  `sale_id` int(10) NOT NULL,
  `payment_type` varchar(40) NOT NULL,
  `payment_amount` decimal(15,2) NOT NULL,
  `total` double(15,2) NOT NULL,
  PRIMARY KEY (`sale_id`,`payment_type`)
) ENGINE=InnoDB DEFAULT CHARSET=latin1;

-- --------------------------------------------------------

--
-- Estructura de tabla para la tabla `ospos_sales_suspended`
--

CREATE TABLE IF NOT EXISTS `ospos_sales_suspended` (
  `sale_time` timestamp NOT NULL DEFAULT CURRENT_TIMESTAMP,
  `customer_id` int(10) DEFAULT NULL,
  `employee_id` int(10) NOT NULL DEFAULT '0',
  `comment` text NOT NULL,
  `sale_id` int(10) NOT NULL AUTO_INCREMENT,
  `payment_type` varchar(512) DEFAULT NULL,
  PRIMARY KEY (`sale_id`),
  KEY `customer_id` (`customer_id`),
  KEY `employee_id` (`employee_id`)
) ENGINE=InnoDB DEFAULT CHARSET=latin1 AUTO_INCREMENT=1 ;

-- --------------------------------------------------------

--
-- Estructura de tabla para la tabla `ospos_sales_suspended_items`
--

CREATE TABLE IF NOT EXISTS `ospos_sales_suspended_items` (
  `sale_id` int(10) NOT NULL DEFAULT '0',
  `item_id` int(10) NOT NULL DEFAULT '0',
  `description` varchar(30) DEFAULT NULL,
  `serialnumber` varchar(30) DEFAULT NULL,
  `line` int(3) NOT NULL DEFAULT '0',
  `quantity_purchased` double(15,2) NOT NULL DEFAULT '0.00',
  `item_cost_price` decimal(15,2) NOT NULL,
  `item_unit_price` double(15,2) NOT NULL,
  `discount_percent` int(11) NOT NULL DEFAULT '0',
  PRIMARY KEY (`sale_id`,`item_id`,`line`),
  KEY `item_id` (`item_id`)
) ENGINE=InnoDB DEFAULT CHARSET=latin1;

-- --------------------------------------------------------

--
-- Estructura de tabla para la tabla `ospos_sales_suspended_items_taxes`
--

CREATE TABLE IF NOT EXISTS `ospos_sales_suspended_items_taxes` (
  `sale_id` int(10) NOT NULL,
  `item_id` int(10) NOT NULL,
  `line` int(3) NOT NULL DEFAULT '0',
  `name` varchar(255) NOT NULL,
  `percent` double(15,2) NOT NULL,
  PRIMARY KEY (`sale_id`,`item_id`,`line`,`name`,`percent`),
  KEY `item_id` (`item_id`)
) ENGINE=InnoDB DEFAULT CHARSET=latin1;

-- --------------------------------------------------------

--
-- Estructura de tabla para la tabla `ospos_sales_suspended_payments`
--

CREATE TABLE IF NOT EXISTS `ospos_sales_suspended_payments` (
  `sale_id` int(10) NOT NULL,
  `payment_type` varchar(40) NOT NULL,
  `payment_amount` decimal(15,2) NOT NULL,
  PRIMARY KEY (`sale_id`,`payment_type`)
) ENGINE=InnoDB DEFAULT CHARSET=latin1;

-- --------------------------------------------------------

--
-- Estructura de tabla para la tabla `ospos_services`
--

CREATE TABLE IF NOT EXISTS `ospos_services` (
  `service_id` int(255) NOT NULL AUTO_INCREMENT,
  `fecha` date NOT NULL,
  `nom_cliente` varchar(50) NOT NULL,
  `nom_asignado` varchar(50) NOT NULL,
  `motivo` varchar(255) NOT NULL,
  `accion` text NOT NULL,
  `reporte` text NOT NULL,
  `estado` varchar(100) NOT NULL DEFAULT 'Pendiente',
  `duracion` double(10,1) NOT NULL,
  PRIMARY KEY (`service_id`)
) ENGINE=InnoDB  DEFAULT CHARSET=latin1 AUTO_INCREMENT=2 ;

--
-- Volcado de datos para la tabla `ospos_services`
--

INSERT INTO `ospos_services` (`service_id`, `fecha`, `nom_cliente`, `nom_asignado`, `motivo`, `accion`, `reporte`, `estado`, `duracion`) VALUES
(1, '0000-00-00', '0', 'John Doe', 'rtyrt', '', '', 'Pendiente', 0.0);

-- --------------------------------------------------------

--
-- Estructura de tabla para la tabla `ospos_sessions`
--

CREATE TABLE IF NOT EXISTS `ospos_sessions` (
  `session_id` varchar(40) NOT NULL DEFAULT '0',
  `ip_address` varchar(16) NOT NULL DEFAULT '0',
  `user_agent` varchar(50) NOT NULL,
  `last_activity` int(10) unsigned NOT NULL DEFAULT '0',
  `user_data` text,
  PRIMARY KEY (`session_id`)
) ENGINE=InnoDB DEFAULT CHARSET=latin1;

--
-- Volcado de datos para la tabla `ospos_sessions`
--

INSERT INTO `ospos_sessions` (`session_id`, `ip_address`, `user_agent`, `last_activity`, `user_data`) VALUES
('539ad2ba650e06b9f0a4f2e68764f540', '0.0.0.0', 'Mozilla/5.0 (Windows NT 6.1) AppleWebKit/537.36 (K', 1458717304, 'a:12:{s:9:"person_id";s:1:"1";s:4:"kits";a:1:{i:1;a:11:{s:7:"item_id";s:3:"new";s:4:"line";i:1;s:4:"name";s:3:"new";s:11:"item_number";N;s:11:"description";s:0:"";s:12:"serialnumber";s:0:"";s:21:"allow_alt_description";i:0;s:13:"is_serialized";i:0;s:8:"quantity";i:1;s:8:"discount";i:0;s:5:"price";s:5:"89.00";}}s:4:"cart";a:1:{i:1;a:11:{s:7:"item_id";s:3:"new";s:4:"line";i:1;s:4:"name";s:3:"new";s:11:"item_number";N;s:11:"description";s:0:"";s:12:"serialnumber";s:0:"";s:21:"allow_alt_description";i:0;s:13:"is_serialized";i:0;s:8:"quantity";i:1;s:8:"discount";i:0;s:5:"price";s:5:"89.00";}}s:9:"sale_mode";s:4:"sale";s:8:"payments";a:1:{s:8:"Efectivo";a:2:{s:12:"payment_type";s:8:"Efectivo";s:14:"payment_amount";s:2:"50";}}s:9:"data_save";a:0:{}s:15:"customer_cobros";s:1:"3";s:9:"recv_mode";s:7:"receive";s:8:"cartRecv";a:1:{i:1;a:10:{s:7:"item_id";s:1:"1";s:4:"line";i:1;s:4:"name";s:5:"Disco";s:11:"description";b:0;s:12:"serialnumber";b:0;s:21:"allow_alt_description";s:1:"0";s:13:"is_serialized";s:1:"0";s:8:"quantity";s:3:"700";s:8:"discount";s:1:"0";s:5:"price";s:5:"50.00";}}s:8:"supplier";s:2:"-1";s:8:"customer";s:1:"2";s:18:"customer_servicios";s:1:"3";}');

-- --------------------------------------------------------

--
-- Estructura de tabla para la tabla `ospos_suppliers`
--

CREATE TABLE IF NOT EXISTS `ospos_suppliers` (
  `person_id` int(10) NOT NULL,
  `company` varchar(255) NOT NULL,
  `account_number` varchar(255) DEFAULT NULL,
  `deleted` int(1) NOT NULL DEFAULT '0',
  UNIQUE KEY `account_number` (`account_number`),
  KEY `person_id` (`person_id`)
) ENGINE=InnoDB DEFAULT CHARSET=latin1;

--
-- Volcado de datos para la tabla `ospos_suppliers`
--

INSERT INTO `ospos_suppliers` (`person_id`, `company`, `account_number`, `deleted`) VALUES
(5, 'Provvedor ', NULL, 0);

--
-- Restricciones para tablas volcadas
--

--
-- Filtros para la tabla `ospos_customers`
--
ALTER TABLE `ospos_customers`
  ADD CONSTRAINT `ospos_customers_ibfk_1` FOREIGN KEY (`person_id`) REFERENCES `ospos_people` (`person_id`);

--
-- Filtros para la tabla `ospos_employees`
--
ALTER TABLE `ospos_employees`
  ADD CONSTRAINT `ospos_employees_ibfk_1` FOREIGN KEY (`person_id`) REFERENCES `ospos_people` (`person_id`);

--
-- Filtros para la tabla `ospos_inventory`
--
ALTER TABLE `ospos_inventory`
  ADD CONSTRAINT `ospos_inventory_ibfk_1` FOREIGN KEY (`trans_items`) REFERENCES `ospos_items` (`item_id`),
  ADD CONSTRAINT `ospos_inventory_ibfk_2` FOREIGN KEY (`trans_user`) REFERENCES `ospos_employees` (`person_id`);

--
-- Filtros para la tabla `ospos_items`
--
ALTER TABLE `ospos_items`
  ADD CONSTRAINT `ospos_items_ibfk_1` FOREIGN KEY (`supplier_id`) REFERENCES `ospos_suppliers` (`person_id`);

--
-- Filtros para la tabla `ospos_items_taxes`
--
ALTER TABLE `ospos_items_taxes`
  ADD CONSTRAINT `ospos_items_taxes_ibfk_1` FOREIGN KEY (`item_id`) REFERENCES `ospos_items` (`item_id`) ON DELETE CASCADE;

--
-- Filtros para la tabla `ospos_item_kit_items`
--
ALTER TABLE `ospos_item_kit_items`
  ADD CONSTRAINT `ospos_item_kit_items_ibfk_1` FOREIGN KEY (`item_kit_id`) REFERENCES `ospos_item_kits` (`item_kit_id`) ON DELETE CASCADE,
  ADD CONSTRAINT `ospos_item_kit_items_ibfk_2` FOREIGN KEY (`item_id`) REFERENCES `ospos_items` (`item_id`) ON DELETE CASCADE;

--
-- Filtros para la tabla `ospos_permissions`
--
ALTER TABLE `ospos_permissions`
  ADD CONSTRAINT `ospos_permissions_ibfk_1` FOREIGN KEY (`person_id`) REFERENCES `ospos_employees` (`person_id`),
  ADD CONSTRAINT `ospos_permissions_ibfk_2` FOREIGN KEY (`module_id`) REFERENCES `ospos_modules` (`module_id`);

--
-- Filtros para la tabla `ospos_receivings`
--
ALTER TABLE `ospos_receivings`
  ADD CONSTRAINT `ospos_receivings_ibfk_1` FOREIGN KEY (`employee_id`) REFERENCES `ospos_employees` (`person_id`),
  ADD CONSTRAINT `ospos_receivings_ibfk_2` FOREIGN KEY (`supplier_id`) REFERENCES `ospos_suppliers` (`person_id`);

--
-- Filtros para la tabla `ospos_receivings_items`
--
ALTER TABLE `ospos_receivings_items`
  ADD CONSTRAINT `ospos_receivings_items_ibfk_1` FOREIGN KEY (`item_id`) REFERENCES `ospos_items` (`item_id`),
  ADD CONSTRAINT `ospos_receivings_items_ibfk_2` FOREIGN KEY (`receiving_id`) REFERENCES `ospos_receivings` (`receiving_id`);

--
-- Filtros para la tabla `ospos_sales`
--
ALTER TABLE `ospos_sales`
  ADD CONSTRAINT `ospos_sales_ibfk_1` FOREIGN KEY (`employee_id`) REFERENCES `ospos_employees` (`person_id`),
  ADD CONSTRAINT `ospos_sales_ibfk_2` FOREIGN KEY (`customer_id`) REFERENCES `ospos_customers` (`person_id`);

--
-- Filtros para la tabla `ospos_sales_items`
--
ALTER TABLE `ospos_sales_items`
  ADD CONSTRAINT `ospos_sales_items_ibfk_1` FOREIGN KEY (`item_id`) REFERENCES `ospos_items` (`item_id`),
  ADD CONSTRAINT `ospos_sales_items_ibfk_2` FOREIGN KEY (`sale_id`) REFERENCES `ospos_sales` (`sale_id`);

--
-- Filtros para la tabla `ospos_sales_items_taxes`
--
ALTER TABLE `ospos_sales_items_taxes`
  ADD CONSTRAINT `ospos_sales_items_taxes_ibfk_1` FOREIGN KEY (`sale_id`) REFERENCES `ospos_sales_items` (`sale_id`),
  ADD CONSTRAINT `ospos_sales_items_taxes_ibfk_2` FOREIGN KEY (`item_id`) REFERENCES `ospos_items` (`item_id`);

--
-- Filtros para la tabla `ospos_sales_item_kits`
--
ALTER TABLE `ospos_sales_item_kits`
  ADD CONSTRAINT `ospos_sales_item_kits_ibfk_2` FOREIGN KEY (`sale_id`) REFERENCES `ospos_sales` (`sale_id`),
  ADD CONSTRAINT `ospos_sales_item__kits_ibfk_1` FOREIGN KEY (`item_kit_id`) REFERENCES `ospos_item_kits` (`item_kit_id`);

--
-- Filtros para la tabla `ospos_sales_payments`
--
ALTER TABLE `ospos_sales_payments`
  ADD CONSTRAINT `ospos_sales_payments_ibfk_1` FOREIGN KEY (`sale_id`) REFERENCES `ospos_sales` (`sale_id`);

--
-- Filtros para la tabla `ospos_sales_suspended`
--
ALTER TABLE `ospos_sales_suspended`
  ADD CONSTRAINT `ospos_sales_suspended_ibfk_1` FOREIGN KEY (`employee_id`) REFERENCES `ospos_employees` (`person_id`),
  ADD CONSTRAINT `ospos_sales_suspended_ibfk_2` FOREIGN KEY (`customer_id`) REFERENCES `ospos_customers` (`person_id`);

--
-- Filtros para la tabla `ospos_sales_suspended_items`
--
ALTER TABLE `ospos_sales_suspended_items`
  ADD CONSTRAINT `ospos_sales_suspended_items_ibfk_1` FOREIGN KEY (`item_id`) REFERENCES `ospos_items` (`item_id`),
  ADD CONSTRAINT `ospos_sales_suspended_items_ibfk_2` FOREIGN KEY (`sale_id`) REFERENCES `ospos_sales_suspended` (`sale_id`);

--
-- Filtros para la tabla `ospos_sales_suspended_items_taxes`
--
ALTER TABLE `ospos_sales_suspended_items_taxes`
  ADD CONSTRAINT `ospos_sales_suspended_items_taxes_ibfk_1` FOREIGN KEY (`sale_id`) REFERENCES `ospos_sales_suspended_items` (`sale_id`),
  ADD CONSTRAINT `ospos_sales_suspended_items_taxes_ibfk_2` FOREIGN KEY (`item_id`) REFERENCES `ospos_items` (`item_id`);

--
-- Filtros para la tabla `ospos_sales_suspended_payments`
--
ALTER TABLE `ospos_sales_suspended_payments`
  ADD CONSTRAINT `ospos_sales_suspended_payments_ibfk_1` FOREIGN KEY (`sale_id`) REFERENCES `ospos_sales_suspended` (`sale_id`);

--
-- Filtros para la tabla `ospos_suppliers`
--
ALTER TABLE `ospos_suppliers`
  ADD CONSTRAINT `ospos_suppliers_ibfk_1` FOREIGN KEY (`person_id`) REFERENCES `ospos_people` (`person_id`);

/*!40101 SET CHARACTER_SET_CLIENT=@OLD_CHARACTER_SET_CLIENT */;
/*!40101 SET CHARACTER_SET_RESULTS=@OLD_CHARACTER_SET_RESULTS */;
/*!40101 SET COLLATION_CONNECTION=@OLD_COLLATION_CONNECTION */;
